<launch>
    <let name="urdf_path" 
         value="$(find-pkg-share my_robot_description)/urdf/my_robot.urdf.xacro" />
    <let name="rviz_config_path"
         value="$(find-pkg-share my_robot_bringup)/rviz/urdf_config.rviz" />
         
         
         <!-- Define the argument to enable simulation time -->
         <arg name="use_sim_time" default="true" />
         
         

  <!-- Define the argument for the map file path -->
  <arg name="map_file" default="maps/my_world.yaml"/>
         
         
    <node pkg="robot_state_publisher" exec="robot_state_publisher">
        <param name="robot_description"
               value="$(command 'xacro $(var urdf_path)')" />
    </node>
    
    <!-- Include the bringup_launch.py file from nav2_bringup -->
  <include file="$(find-pkg-share nav2_bringup)/launch/bringup_launch.py">
    <!-- Pass the arguments to the included launch file -->
    <arg name="use_sim_time" value="$(var use_sim_time)"/>
    <arg name="map" value="$(var map_file)"/>
  </include>
    
 

    <include file="$(find-pkg-share gazebo_ros)/launch/gazebo.launch.py">
     <arg name="world" value="$(find-pkg-share my_robot_bringup)/worlds/my_world.world" />
    </include>

    <node pkg="gazebo_ros" exec="spawn_entity.py"
          args="-topic robot_description -entity my_robot" />
          
          

    <node pkg="rviz2" exec="rviz2" output="screen" 
          args="-d $(var rviz_config_path)" />
</launch>
